id,first_name,last_name,email
1,Nadia,Zhao,nadia.zhao1@example.com
2,Amanda,Bakker,amanda.bakker2@example.com
3,Maria,Reddy,maria.reddy3@example.com
4,Salma,Benali,salma.benali4@example.com
5,Ewa,van der Meer,ewa.van.der.meer5@example.com
6,Bas,Haddaoui,bas.haddaoui6@example.com
7,Elena,Hendriks,elena.hendriks7@example.com
8,Bo,Li,bo.li8@example.com
9,Krzysztof,Musa,krzysztof.musa9@example.com
10,Miguel,Taylor,miguel.taylor10@example.com
11,Fang,Nwachukwu,fang.nwachukwu11@example.com
12,Mehmet,El Fassi,mehmet.el.fassi12@example.com
13,Siobhán,Kelly,siobhan.kelly13@example.com
14,Ruben,van der Meer,ruben.van.der.meer14@example.com
15,Eva,Jansen,eva.jansen15@example.com
16,Wei,Smit,wei.smit16@example.com
17,Ying,Moussaoui,ying.moussaoui17@example.com
18,Chioma,Nowak,chioma.nowak18@example.com
19,Miguel,de Jong,miguel.de.jong19@example.com
20,Fang,van Dijk,fang.van.dijk20@example.com
21,Jessica,Jankowski,jessica.jankowski21@example.com
22,Divya,Miller,divya.miller22@example.com
23,Ewa,Idrissi,ewa.idrissi23@example.com
24,Tim,Patel,tim.patel24@example.com
25,Kasia,Ozturk,kasia.ozturk25@example.com
26,klant@gmail.com,support,klantgmail.com.support26@example.com
27,Burak,Williams,burak.williams27@example.com
28,Jean-Paul,Dubois,jeanpaul.dubois28@example.com
29,Niels,Zhou,niels.zhou29@example.com
30,Ying,Mazur,ying.mazur30@example.com
31,Hao,Vos,hao.vos31@example.com
32,Brian,Kurt,brian.kurt32@example.com
33,Selin,Perez,selin.perez33@example.com
34,Rahul,Mehta,rahul.mehta34@example.com
35,Pawel,Chukwu,pawel.chukwu35@example.com
36,Rachid,Idrissi,rachid.idrissi36@example.com
37,Iris,Huang,iris.huang37@example.com
38,qwerty,uiop,qwerty.uiop38@example.com
39,Lieke,Ziani,lieke.ziani39@example.com
40,Karim,Peters,karim.peters40@example.com
41,First,Last,first.last41@example.com
42,Diego,Sharma,diego.sharma42@example.com
43,Jasper,de Vries,jasper.de.vries43@example.com
44,Nicole,Ouazzani,nicole.ouazzani44@example.com
45,Jing,Ibrahim,jing.ibrahim45@example.com
46,Anas,Okafor,anas.okafor46@example.com
47,Wei,Wu,wei.wu47@example.com
48,Chidi,Huang,chidi.huang48@example.com
49,Feng,Reddy,feng.reddy49@example.com
50,Eva,Aydogan,eva.aydogan50@example.com
51,Kevin,Williams,kevin.williams51@example.com
52,Nicole,Wilson,nicole.wilson52@example.com
53,Kerem,Kaminski,kerem.kaminski53@example.com
54,Mila,Wojcik,mila.wojcik54@example.com
55,Selin,Rifai,selin.rifai55@example.com
56,Sunita,Ozdemir,sunita.ozdemir56@example.com
57,Lotte,Arslan,lotte.arslan57@example.com
58,Kayode,Arslan,kayode.arslan58@example.com
59,Tim,Adebayo,tim.adebayo59@example.com
60,Kerem,Afolabi,kerem.afolabi60@example.com
61,Ola,Afolabi,ola.afolabi61@example.com
62,Sunita,Szymanski,sunita.szymanski62@example.com
63,Noor,Smith,noor.smith63@example.com
64,Michael,Thomas,michael.thomas64@example.com
65,Jing,Jankowski,jing.jankowski65@example.com
66,Deniz,Yusuf,deniz.yusuf66@example.com
67,Mickey,Mouse,mickey.mouse67@example.com
68,Brian,Meijer,brian.meijer68@example.com
69,Ngozi,Adebayo,ngozi.adebayo69@example.com
70,Ruben,Ma,ruben.ma70@example.com
71,Fernando,Inca,fernando.inca71@example.com
72,Niels,Ma,niels.ma72@example.com
73,Carmen,Haddaoui,carmen.haddaoui73@example.com
74,Rachel,Zhou,rachel.zhou74@example.com
75,Tunde,Szymanski,tunde.szymanski75@example.com
76,Sanjay,van der Berg,sanjay.van.der.berg76@example.com
77,Nicole,Rao,nicole.rao77@example.com
78,Marta,Hall,marta.hall78@example.com
79,Marek,Yang,marek.yang79@example.com
80,Yasemin,Nair,yasemin.nair80@example.com
81,Joost,Torres,joost.torres81@example.com
82,Sofia,Yusuf,sofia.yusuf82@example.com
83,Chris,Wang,chris.wang83@example.com
84,Ngozi,Walker,ngozi.walker84@example.com
85,Kavita,Okafor,kavita.okafor85@example.com
86,Zeynep,Hall,zeynep.hall86@example.com
87,Mila,Yilmaz,mila.yilmaz87@example.com
88,Folake,Chakir,folake.chakir88@example.com
89,Elena,Brown,elena.brown89@example.com
90,Yasemin,Ziani,yasemin.ziani90@example.com
91,Emre,Miller,emre.miller91@example.com
92,Willem,Kurt,willem.kurt92@example.com
93,Chinedu,Kok,chinedu.kok93@example.com
94,Zofia,Mehta,zofia.mehta94@example.com
95,Deniz,Nowak,deniz.nowak95@example.com
96,Anne-Marie,de Groot,annemarie.de.groot96@example.com
97,Anne,Moussaoui,anne.moussaoui97@example.com
98,Hao,Bakker,hao.bakker98@example.com
99,Ed,Wu,ed.wu99@example.com
100,Koen,Li,koen.li100@example.com
101,Noor,Bakker,noor.bakker101@example.com
102,Anne,Jansen,anne.jansen102@example.com
103,Anne,Demir,anne.demir103@example.com
104,Al,Amin,al.amin104@example.com
105,Jessica,Ma,jessica.ma105@example.com
106,Isabel,Wu,isabel.wu106@example.com
107,Kevin,de Groot,kevin.de.groot107@example.com
108,Nadia,Okafor,nadia.okafor108@example.com
109,xxxx,xxxx,xxxx.xxxx109@example.com
110,Ebru,Sharma,ebru.sharma110@example.com
111,Vikram,Aydin,vikram.aydin111@example.com
112,Youssef,Jones,youssef.jones112@example.com
113,info@jaffleshop.nl,,infojaffleshop.nl.113@example.com
114,Deniz,Thomas,deniz.thomas114@example.com
115,Jacek,Diaz,jacek.diaz115@example.com
116,Mila,Chukwu,mila.chukwu116@example.com
117,Tunde,Idrissi,tunde.idrissi117@example.com
118,Iris,Nwosu,iris.nwosu118@example.com
119,Uche,Kumar,uche.kumar119@example.com
120,test,test,test.test120@example.com
121,Anjali,Kurt,anjali.kurt121@example.com
122,Kofi,,kofi.122@example.com
123,Qiang,Ziani,qiang.ziani123@example.com
124,Elena,Vos,elena.vos124@example.com
125,Chinedu,Koc,chinedu.koc125@example.com
126,Rahul,Dekker,rahul.dekker126@example.com
127,Sara,Cocco,sara.cocco127@example.com
128,Amanda,Zielinski,amanda.zielinski128@example.com
129,Mei,Flores,mei.flores129@example.com
130,Jasper,Johnson,jasper.johnson130@example.com
131,Donald,Duck,donald.duck131@example.com
132,Michael,Ziani,michael.ziani132@example.com
133,Fang,Taylor,fang.taylor133@example.com
134,Kasia,Torres,kasia.torres134@example.com
135,Salma,Meijer,salma.meijer135@example.com
136,Sofia,Okafor,sofia.okafor136@example.com
137,Adaeze,Bennani,adaeze.bennani137@example.com
138,Chidi,Wu,chidi.wu138@example.com
139,Sarah,Meijer,sarah.meijer139@example.com
140,Qiang,Ozdemir,qiang.ozdemir140@example.com
141,Divya,Yilmaz,divya.yilmaz141@example.com
142,Bas,Haddaoui,bas.haddaoui142@example.com
143,Sarah,Rao,sarah.rao143@example.com
144,Frank,Bar,frank.bar144@example.com
145,Rohan,Xu,rohan.xu145@example.com
146,Vikram,Rivera,vikram.rivera146@example.com
147,Hassan,Lopez,hassan.lopez147@example.com
148,Kavita,Balogun,kavita.balogun148@example.com
149,Niels,Jones,niels.jones149@example.com
150,Emily,Diaz,emily.diaz150@example.com
151,Isabel,Lewandowski,isabel.lewandowski151@example.com
152,Ashley,Taylor,ashley.taylor152@example.com
153,Piotr,Mehta,piotr.mehta153@example.com
154,Jasper,Ibrahim,jasper.ibrahim154@example.com
155,Emily,Abubakar,emily.abubakar155@example.com
156,Mehmet,Nwosu,mehmet.nwosu156@example.com
157,Alejandro,Krawczyk,alejandro.krawczyk157@example.com
158,Hassan,Celik,hassan.celik158@example.com
159,Miguel,Co,miguel.co159@example.com
160,Chris,Abubakar,chris.abubakar160@example.com
161,Thijs,Thomas,thijs.thomas161@example.com
162,Ying,Diaz,ying.diaz162@example.com
163,Pablo,El Fassi,pablo.el.fassi163@example.com
164,lorem,ipsum,lorem.ipsum164@example.com
165,Tunde,Wozniak,tunde.wozniak165@example.com
166,Sanjay,Dogan,sanjay.dogan166@example.com
167,Chioma,Singh,chioma.singh167@example.com
168,Karin,Ødegaard,karin.degaard168@example.com
169,Agnieszka,Wu,agnieszka.wu169@example.com
170,Niels,Torres,niels.torres170@example.com
171,Fleur,Hall,fleur.hall171@example.com
172,Yasemin,Ma,yasemin.ma172@example.com
173,Marta,Anderson,marta.anderson173@example.com
174,Sjaak,Bakfiets,sjaak.bakfiets174@example.com
175,Tim,Zhu,tim.zhu175@example.com
176,Amit,Kumar,amit.kumar176@example.com
177,Rachel,Nowak,rachel.nowak177@example.com
178,Nienke,Lewandowski,nienke.lewandowski178@example.com
179,Fatma,van Dijk,fatma.van.dijk179@example.com
180,Zofia,Mazur,zofia.mazur180@example.com
181,Diego,Kozlowski,diego.kozlowski181@example.com
182,Rohan,Verma,rohan.verma182@example.com
183,Pieter,Moussaoui,pieter.moussaoui183@example.com
184,Kavita,Zhou,kavita.zhou184@example.com
185,Magda,Jankowski,magda.jankowski185@example.com
186,Anouk,Sahin,anouk.sahin186@example.com
187,Sanne,Zhang,sanne.zhang187@example.com
188,Tao,Chen,tao.chen188@example.com
189,Eva,Patel,eva.patel189@example.com
190,Alejandro,Li,alejandro.li190@example.com
191,Ifeoma,Visser,ifeoma.visser191@example.com
192,Mehmet,Patel,mehmet.patel192@example.com
193,Lucia,Yilmaz,lucia.yilmaz193@example.com
194,Anouk,Vos,anouk.vos194@example.com
195,Sarah,Krawczyk,sarah.krawczyk195@example.com
196,Karim,Mehta,karim.mehta196@example.com
197,Kerem,Miller,kerem.miller197@example.com
198,Zofia,Nair,zofia.nair198@example.com
199,Daan,Rodriguez,daan.rodriguez199@example.com
200,Rahul,Eze,rahul.eze200@example.com
201,Feng,Li,feng.li201@example.com
202,Zofia,de Vries,zofia.de.vries202@example.com
203,Chidi,Wilson,chidi.wilson203@example.com
204,Emre,Anderson,emre.anderson204@example.com
205,Vikram,Walker,vikram.walker205@example.com
206,Hassan,Singh,hassan.singh206@example.com
207,Fang,Amrani,fang.amrani207@example.com
208,Tao,Torres,tao.torres208@example.com
209,Zofia,Tazi,zofia.tazi209@example.com
210,Salma,Torres,salma.torres210@example.com
211,Onbekend,Onbekend,onbekend.onbekend211@example.com
212,Stijn,Kumar,stijn.kumar212@example.com
213,Elif,Kowalski,elif.kowalski213@example.com
214,David,El Amrani,david.el.amrani214@example.com
215,Sanjay,Kumar,sanjay.kumar215@example.com
216,Jun,Adeyemi,jun.adeyemi216@example.com
217,Michael,Rifai,michael.rifai217@example.com
218,Femke,Sahin,femke.sahin218@example.com
219,Feng,Aydin,feng.aydin219@example.com
220,Emre,Miller,emre.miller220@example.com
221,........,........,.................221@example.com
222,Leila,Chukwu,leila.chukwu222@example.com
223,Tunde,Verma,tunde.verma223@example.com
224,Stijn,Bouzid,stijn.bouzid224@example.com
225,Tunde,Gonzalez,tunde.gonzalez225@example.com
226,Daan,Dekker,daan.dekker226@example.com
227,Yan,Miller,yan.miller227@example.com
228,Fatima,Jankowski,fatima.jankowski228@example.com
229,Ying,Walker,ying.walker229@example.com
230,Xin,Sun,xin.sun230@example.com
231,Arjun,Mulder,arjun.mulder231@example.com
232,Niels,Ma,niels.ma232@example.com
233,Anas,Hall,anas.hall233@example.com
234,Tim,Joshi,tim.joshi234@example.com
235,Qiang,Szymanski,qiang.szymanski235@example.com
236,Peter,Foot,peter.foot236@example.com
237,Priya,Smith,priya.smith237@example.com
238,Michael,Kozlowski,michael.kozlowski238@example.com
239,Emily,Chopra,emily.chopra239@example.com
240,Piotr,Chen,piotr.chen240@example.com
241,Kevin,de Vries,kevin.de.vries241@example.com
242,Laura,de Vries,laura.de.vries242@example.com
243,Kevin,Brown,kevin.brown243@example.com
244,Kavita,Ozturk,kavita.ozturk244@example.com
245,Edward,Nobody,edward.nobody245@example.com
246,Yan,Aydin,yan.aydin246@example.com
247,Kerem,Smith,kerem.smith247@example.com
248,Mehmet,Li,mehmet.li248@example.com
249,Koen,Musa,koen.musa249@example.com
250,Ngozi,Abubakar,ngozi.abubakar250@example.com
251,Amit,Brown,amit.brown251@example.com
252,Ngoc,,ngoc.252@example.com
253,Li,Tazi,li.tazi253@example.com
254,Selin,Williams,selin.williams254@example.com
255,Vikram,Anderson,vikram.anderson255@example.com
256,Can,Dekker,can.dekker256@example.com
257,Yasemin,Zhu,yasemin.zhu257@example.com
258,Sven,Okoro,sven.okoro258@example.com
259,Uche,Yusuf,uche.yusuf259@example.com
260,+31 6 9876 5432,klant,31.6.9876.5432.klant260@example.com
261,Imane,Sun,imane.sun261@example.com
262,Koen,Smith,koen.smith262@example.com
263,Priya,Jones,priya.jones263@example.com
264,Sara,Fernandez,sara.fernandez264@example.com
265,Divya,Taylor,divya.taylor265@example.com
266,Amaka,Gupta,amaka.gupta266@example.com
267,asdf,asdf,asdf.asdf267@example.com
268,Mei,Yildiz,mei.yildiz268@example.com
269,Fleur,van Leeuwen,fleur.van.leeuwen269@example.com
270,Ewa,Haddaoui,ewa.haddaoui270@example.com
271,Sarah,Ozturk,sarah.ozturk271@example.com
272,Anjali,Ibrahim,anjali.ibrahim272@example.com
273,Coco,Jansen,coco.jansen273@example.com
274,Piotr,Aydogan,piotr.aydogan274@example.com
275,Kasia,Aydin,kasia.aydin275@example.com
276,Ying,Afolabi,ying.afolabi276@example.com
277,Eva,Davis,eva.davis277@example.com
278,David,Nair,david.nair278@example.com
279,Jaffle Shop Utrecht B.V.,,jaffle.shop.utrecht.b.v..279@example.com
280,Sanne,Reddy,sanne.reddy280@example.com
281,Anas,Reddy,anas.reddy281@example.com
282,Maria,Mazur,maria.mazur282@example.com
283,Piotr,Mehta,piotr.mehta283@example.com
284,Piotr,Ouazzani,piotr.ouazzani284@example.com
285,Adaeze,Balogun,adaeze.balogun285@example.com
286,Raj,Musa,raj.musa286@example.com
287,Wei,Ng,wei.ng287@example.com
288,Miguel,Arslan,miguel.arslan288@example.com
289,Ayse,Smith,ayse.smith289@example.com
290,Neha,Dogan,neha.dogan290@example.com
291,Zofia,Davis,zofia.davis291@example.com
292,Folake,Yildiz,folake.yildiz292@example.com
293,Anouk,Kaminski,anouk.kaminski293@example.com
294,Ying,Zhang,ying.zhang294@example.com
295,Zofia,Flores,zofia.flores295@example.com
296,Vikram,Walker,vikram.walker296@example.com
297,Chidi,de Boer,chidi.de.boer297@example.com
298,admin,admin,admin.admin298@example.com
299,Sara,Chukwu,sara.chukwu299@example.com
300,Lotte,Aydogan,lotte.aydogan300@example.com
301,Pooja,Adeyemi,pooja.adeyemi301@example.com
302,Sven,Chakir,sven.chakir302@example.com
303,Carmen,Sharma,carmen.sharma303@example.com
304,Ola,Yang,ola.yang304@example.com
305,Qiang,Bos,qiang.bos305@example.com
306,Pawel,Bos,pawel.bos306@example.com
307,Li,Miller,li.miller307@example.com
308,Ruben,Sharma,ruben.sharma308@example.com
309,Mila,Garcia,mila.garcia309@example.com
310,Priya,Yang,priya.yang310@example.com
311,Nicole,Koc,nicole.koc311@example.com
312,Zakaria,Rifai,zakaria.rifai312@example.com
313,Tim,Taylor,tim.taylor313@example.com
314,Anjali,Xu,anjali.xu314@example.com
315,Fang,Okoro,fang.okoro315@example.com
316,Nadia,Okoro,nadia.okoro316@example.com
317,Laura,Yildiz,laura.yildiz317@example.com
318,asdasdasd,zxczxczxc,asdasdasd.zxczxczxc318@example.com
319,Rachel,Ramirez,rachel.ramirez319@example.com
320,Anjali,Lopez,anjali.lopez320@example.com
321,Zakaria,Yusuf,zakaria.yusuf321@example.com
322,Max,Bouzid,max.bouzid322@example.com
323,Carmen,Nair,carmen.nair323@example.com
324,Ying,de Groot,ying.de.groot324@example.com
325,Xi,Xi,xi.xi325@example.com
326,Krzysztof,Moussaoui,krzysztof.moussaoui326@example.com
327,Sven,Balogun,sven.balogun327@example.com
328,Rohan,Perez,rohan.perez328@example.com
329,Li,Iyer,li.iyer329@example.com
330,Kayode,Musa,kayode.musa330@example.com
331,0612345678,,0612345678.331@example.com
332,Pieter,Flores,pieter.flores332@example.com
333,Li,Yilmaz,li.yilmaz333@example.com
334,Thijs,Sahin,thijs.sahin334@example.com
335,Ewa,Joshi,ewa.joshi335@example.com
336,Carmen,de Vries,carmen.de.vries336@example.com
337,Deniz,Rao,deniz.rao337@example.com
338,Omar,Okoro,omar.okoro338@example.com
339,Bas,Xu,bas.xu339@example.com
340,Elif,Martinez,elif.martinez340@example.com
341,Ruben,Mehta,ruben.mehta341@example.com
342,Yasemin,Zhao,yasemin.zhao342@example.com
343,Joost,Afolabi,joost.afolabi343@example.com
344,Ruben,Mulder,ruben.mulder344@example.com
345,Bugs,Bunny,bugs.bunny345@example.com
346,Sanne,Balogun,sanne.balogun346@example.com
347,Miguel,Kozlowski,miguel.kozlowski347@example.com
348,Pablo,Anderson,pablo.anderson348@example.com
349,Feng,Iyer,feng.iyer349@example.com
350,Miguel,Iyer,miguel.iyer350@example.com
351,Uche,Ozturk,uche.ozturk351@example.com
352,Tomasz,Balogun,tomasz.balogun352@example.com
353,Amit,Anderson,amit.anderson353@example.com
354,Nadia,van der Meer,nadia.van.der.meer354@example.com
355,Liam,O'Brien,liam.obrien355@example.com
356,Magda,Lewandowski,magda.lewandowski356@example.com
357,Rachid,Okoro,rachid.okoro357@example.com
358,Lieke,Ouazzani,lieke.ouazzani358@example.com
359,Adaeze,Garcia,adaeze.garcia359@example.com
360,Ruben,Kozlowski,ruben.kozlowski360@example.com
361,Kasia,Smit,kasia.smit361@example.com
362,Zakaria,Wozniak,zakaria.wozniak362@example.com
363,Anas,Ozdemir,anas.ozdemir363@example.com
364,Neha,Verma,neha.verma364@example.com
365,Carlos,Wang,carlos.wang365@example.com
366,Sarah,Reddy,sarah.reddy366@example.com
367,Chris,Williams,chris.williams367@example.com
368,Jing,Wojcik,jing.wojcik368@example.com
369,Chioma,Kumar,chioma.kumar369@example.com
370,Hassan,Zhu,hassan.zhu370@example.com
371,Andres,Kurt,andres.kurt371@example.com
372,Anjali,Zhao,anjali.zhao372@example.com
373,Mei,Verma,mei.verma373@example.com
374,Max,Jones,max.jones374@example.com
375,Magda,Reddy,magda.reddy375@example.com
376,Ola,Smith,ola.smith376@example.com
377,Noor,Huang,noor.huang377@example.com
378,Pablo,Kozlowski,pablo.kozlowski378@example.com
379,Klant,Klant,klant.klant379@example.com
380,Willem,Jones,willem.jones380@example.com
381,Onur,Balogun,onur.balogun381@example.com
382,123456,123456,123456.123456382@example.com
383,Pieter,Zhao,pieter.zhao383@example.com
384,Agnieszka,Rifai,agnieszka.rifai384@example.com
385,Yui,Oe,yui.oe385@example.com
386,Xin,Yilmaz,xin.yilmaz386@example.com
387,Jacek,Yilmaz,jacek.yilmaz387@example.com
388,Marta,Rifai,marta.rifai388@example.com
389,Amaka,Jones,amaka.jones389@example.com
390,Anjali,Wu,anjali.wu390@example.com
391,Neha,Jansen,neha.jansen391@example.com
392,Folake,El Fassi,folake.el.fassi392@example.com
393,Chinedu,Yilmaz,chinedu.yilmaz393@example.com
394,Chidi,Koc,chidi.koc394@example.com
395,John,Sahin,john.sahin395@example.com
396,Ruben,Bos,ruben.bos396@example.com
397,Rachid,El Fassi,rachid.el.fassi397@example.com
398,Sanjay,Zhu,sanjay.zhu398@example.com
399,Amaka,Abubakar,amaka.abubakar399@example.com
400,Agnieszka,Wojcik,agnieszka.wojcik400@example.com
401,Iris,Okafor,iris.okafor401@example.com
402,Stijn,Yildiz,stijn.yildiz402@example.com
403,Stijn,Chen,stijn.chen403@example.com
404,Rohan,van Leeuwen,rohan.van.leeuwen404@example.com
405,Chioma,Kurt,chioma.kurt405@example.com
406,Anna,Test,anna.test406@example.com
407,Blessing,Iyer,blessing.iyer407@example.com
408,Uche,Dekker,uche.dekker408@example.com
409,Chioma,Ibrahim,chioma.ibrahim409@example.com
410,Ifeoma,Sharma,ifeoma.sharma410@example.com
411,John,Verma,john.verma411@example.com
412,Adaeze,Sharma,adaeze.sharma412@example.com
413,Stijn,Sahin,stijn.sahin413@example.com
414,Rachid,Kok,rachid.kok414@example.com
415,Toastie Express Catering,Ltd,toastie.express.catering.ltd415@example.com
416,Noor,Sun,noor.sun416@example.com
417,Pooja,Amrani,pooja.amrani417@example.com
418,Zeynep,Afolabi,zeynep.afolabi418@example.com
419,Yasemin,Huang,yasemin.huang419@example.com
420,Sanne,Joshi,sanne.joshi420@example.com
421,Zeynep,Bouzid,zeynep.bouzid421@example.com
422,Thijs,Zhu,thijs.zhu422@example.com
423,Ruben,Kurt,ruben.kurt423@example.com
424,Miguel,Mulder,miguel.mulder424@example.com
425,Sanjay,Koc,sanjay.koc425@example.com
426,Pieter,Ozturk,pieter.ozturk426@example.com
427,Carlos,Torres,carlos.torres427@example.com
428,Max,Abubakar,max.abubakar428@example.com
429,Tomasz,Hall,tomasz.hall429@example.com
430,Chris,Nwachukwu,chris.nwachukwu430@example.com
431,Yan,Demir,yan.demir431@example.com
432,Ola,Balogun,ola.balogun432@example.com
433,Samira,Smit,samira.smit433@example.com
434,Carlos,Sun,carlos.sun434@example.com
435,Maria,Smit,maria.smit435@example.com
436,Mehmet,Patel,mehmet.patel436@example.com
437,Zakaria,Liu,zakaria.liu437@example.com
438,Anne,O'Neill,anne.oneill438@example.com
439,Qiang,Dekker,qiang.dekker439@example.com
440,Burak,Williams,burak.williams440@example.com
441,Andres,Lopez,andres.lopez441@example.com
442,Rahul,Torres,rahul.torres442@example.com
443,Joost,Ibrahim,joost.ibrahim443@example.com
444,Max,Ziani,max.ziani444@example.com
445,n/a,n/a,na.na445@example.com
446,Brian,Adebayo,brian.adebayo446@example.com
447,Amit,Arslan,amit.arslan447@example.com
448,Thijs,Arslan,thijs.arslan448@example.com
449,Salma,de Jong,salma.de.jong449@example.com
450,Thijs,Patel,thijs.patel450@example.com
451,Tao,Rifai,tao.rifai451@example.com
452,Li,van der Berg,li.van.der.berg452@example.com
453,Jasper,Xu,jasper.xu453@example.com
454,Alejandro,van Leeuwen,alejandro.van.leeuwen454@example.com
455,Neha,Adeyemi,neha.adeyemi455@example.com
456,Laura,Haddaoui,laura.haddaoui456@example.com
457,Alejandro,Wilson,alejandro.wilson457@example.com
458,Pooja,Huang,pooja.huang458@example.com
459,Burak,Reddy,burak.reddy459@example.com
460,Diego,de Groot,diego.de.groot460@example.com
461,Javier,Meijer,javier.meijer461@example.com
462,Zoë,Verhoeven,zoe.verhoeven462@example.com
463,Sanjay,Huang,sanjay.huang463@example.com
464,Diego,Rao,diego.rao464@example.com
465,Ying,Benali,ying.benali465@example.com
466,Vikram,Adebayo,vikram.adebayo466@example.com
467,Ashley,Nair,ashley.nair467@example.com
468,Raj,Ma,raj.ma468@example.com
469,Rachel,de Groot,rachel.de.groot469@example.com
470,Carlos,Thomas,carlos.thomas470@example.com
471,Anas,Liu,anas.liu471@example.com
472,Arjun,Yilmaz,arjun.yilmaz472@example.com
473,Elena,Meijer,elena.meijer473@example.com
474,Kerem,Musa,kerem.musa474@example.com
475,Folake,Lewandowski,folake.lewandowski475@example.com
476,Hassan,Yusuf,hassan.yusuf476@example.com
477,Sofie,Null,sofie.null477@example.com
478,Koen,Yang,koen.yang478@example.com
479,Yasemin,Wang,yasemin.wang479@example.com
480,Superman,Batman,superman.batman480@example.com
481,asdkjhasd,lkjhqwe,asdkjhasd.lkjhqwe481@example.com
482,Pieter,Williams,pieter.williams482@example.com
483,Oluwaseun,Patel,oluwaseun.patel483@example.com
484,Yan,Williams,yan.williams484@example.com
485,Fleur,Xu,fleur.xu485@example.com
486,Folake,Martinez,folake.martinez486@example.com
487,Hao,Sharma,hao.sharma487@example.com
488,Tunde,Demir,tunde.demir488@example.com
489,Ola,Gupta,ola.gupta489@example.com
490,Tomasz,Zhou,tomasz.zhou490@example.com
491,Stijn,Chopra,stijn.chopra491@example.com
492,Marloes,Meijer,marloes.meijer492@example.com
493,Elena,Patel,elena.patel493@example.com
494,Björn,Eriksson,bjorn.eriksson494@example.com
495,Matt,Joshi,matt.joshi495@example.com
496,Femke,Aydogan,femke.aydogan496@example.com
497,Bas,Adeyemi,bas.adeyemi497@example.com
498,Ruben,Iyer,ruben.iyer498@example.com
499,Nicole,Wilson,nicole.wilson499@example.com
500,Kevin,Hendriks,kevin.hendriks500@example.com
