query_id,labelled_intent
test-00043,card_acceptance
test-00048,card_acceptance
test-00052,lost_or_stolen_phone
test-00068,card_payment_not_recognised
test-00091,balance_not_updated_after_cheque_or_cash_deposit
test-00093,exchange_charge
test-00103,exchange_via_app
test-00105,exchange_via_app
test-00106,exchange_via_app
test-00123,card_acceptance
test-00124,card_acceptance
test-00134,card_linking
test-00144,card_about_to_expire
test-00147,card_acceptance
test-00148,card_about_to_expire
test-00181,pending_cash_withdrawal
test-00194,top_up_by_card_charge
test-00202,pending_card_payment
test-00209,pending_transfer
test-00255,pending_card_payment
test-00268,transfer_not_received_by_recipient
test-00273,getting_virtual_card
test-00285,card_payment_fee_charged
test-00308,card_payment_fee_charged
test-00310,wrong_exchange_rate_for_cash_withdrawal
test-00362,card_acceptance
test-00369,card_payment_wrong_exchange_rate
test-00385,card_payment_fee_charged
test-00388,card_payment_fee_charged
test-00400,top_up_limits
test-00405,exchange_charge
test-00407,exchange_rate
test-00433,exchange_charge
test-00435,get_physical_card
test-00444,card_payment_not_recognised
test-00466,lost_or_stolen_phone
test-00471,lost_or_stolen_phone
test-00476,lost_or_stolen_phone
test-00499,direct_debit_payment_not_recognised
test-00510,top_up_by_cash_or_cheque
test-00521,card_delivery_estimate
test-00523,extra_charge_on_statement
test-00558,pending_cash_withdrawal
test-00561,transaction_charged_twice
test-00608,top_up_limits
test-00611,top_up_failed
test-00627,card_acceptance
test-00628,top_up_limits
test-00629,cancel_transfer
test-00640,pending_card_payment
test-00642,pending_card_payment
test-00646,pending_card_payment
test-00700,atm_support
test-00704,failed_transfer
test-00725,top_up_by_card_charge
test-00748,top_up_failed
test-00762,topping_up_by_card
test-00794,wrong_exchange_rate_for_cash_withdrawal
test-00796,wrong_exchange_rate_for_cash_withdrawal
test-00799,wrong_exchange_rate_for_cash_withdrawal
test-00801,get_physical_card
test-00833,passcode_forgotten
test-00846,transfer_fee_charged
test-00856,transfer_timing
test-00872,transfer_fee_charged
test-00875,transfer_into_account
test-00885,get_physical_card
test-00899,why_verify_identity
test-00916,declined_transfer
test-00930,getting_spare_card
test-00955,Refund_not_showing_up
test-00991,card_payment_wrong_exchange_rate
test-01030,pin_blocked
test-01059,automatic_top_up
test-01066,balance_not_updated_after_bank_transfer
test-01068,balance_not_updated_after_bank_transfer
test-01071,balance_not_updated_after_bank_transfer
test-01078,balance_not_updated_after_bank_transfer
test-01108,card_arrival
test-01119,card_swallowed
test-01146,getting_virtual_card
test-01150,pending_cash_withdrawal
test-01165,apple_pay_or_google_pay
test-01168,fiat_currency_support
test-01170,terminate_account
test-01195,pin_blocked
test-01201,verify_source_of_funds
test-01205,pending_cash_withdrawal
test-01217,supported_cards_and_currencies
test-01223,exchange_via_app
test-01238,top_up_by_bank_transfer_charge
test-01248,get_disposable_virtual_card
test-01251,get_disposable_virtual_card
test-01258,get_disposable_virtual_card
test-01264,get_disposable_virtual_card
test-01286,receiving_money
test-01316,balance_not_updated_after_cheque_or_cash_deposit
test-01346,card_about_to_expire
test-01385,beneficiary_not_allowed
test-01424,order_physical_card
test-01443,top_up_by_bank_transfer_charge
test-01463,card_not_working
test-01490,cash_withdrawal_charge
test-01495,top_up_limits
test-01497,edit_personal_details
test-01511,compromised_card
test-01517,pin_blocked
test-01522,unable_to_verify_identity
test-01531,getting_virtual_card
test-01549,terminate_account
test-01557,card_payment_not_recognised
test-01558,card_payment_fee_charged
test-01567,verify_my_identity
test-01569,topping_up_by_card
test-01580,balance_not_updated_after_bank_transfer
test-01613,pending_cash_withdrawal
test-01614,pending_cash_withdrawal
test-01620,pending_transfer
test-01657,lost_or_stolen_card
test-01668,lost_or_stolen_card
test-01683,pending_card_payment
test-01700,get_physical_card
test-01732,declined_cash_withdrawal
test-01738,declined_card_payment
test-01743,cash_withdrawal_not_recognised
test-01754,declined_card_payment
test-01757,declined_cash_withdrawal
test-01770,edit_personal_details
test-01793,cash_withdrawal_charge
test-01814,declined_transfer
test-01823,declined_cash_withdrawal
test-01832,declined_transfer
test-01836,balance_not_updated_after_bank_transfer
test-01852,card_linking
test-01854,pending_card_payment
test-01864,pending_card_payment
test-01875,pending_card_payment
test-01886,country_support
test-01899,cancel_transfer
test-01903,atm_support
test-01917,getting_virtual_card
test-01918,exchange_rate
test-01942,apple_pay_or_google_pay
test-01950,card_payment_fee_charged
test-01951,beneficiary_not_allowed
test-01969,transfer_fee_charged
test-01972,cash_withdrawal_not_recognised
test-02020,verify_my_identity
test-02029,verify_my_identity
test-02031,declined_card_payment
test-02036,receiving_money
test-02040,transfer_fee_charged
test-02071,transfer_fee_charged
test-02073,transfer_fee_charged
test-02081,card_payment_wrong_exchange_rate
test-02087,top_up_by_cash_or_cheque
test-02111,cancel_transfer
test-02122,country_support
test-02126,contactless_not_working
test-02129,automatic_top_up
test-02136,passcode_forgotten
test-02161,visa_or_mastercard
test-02167,get_disposable_virtual_card
test-02179,unable_to_verify_identity
test-02189,card_payment_wrong_exchange_rate
test-02204,transfer_into_account
test-02217,transfer_timing
test-02239,transfer_timing
test-02254,transfer_timing
test-02264,cash_withdrawal_not_recognised
test-02270,card_not_working
test-02293,card_not_working
test-02305,card_about_to_expire
test-02333,transfer_fee_charged
test-02368,verify_my_identity
test-02369,pending_transfer
test-02379,verify_source_of_funds
test-02387,verify_source_of_funds
test-02388,transfer_timing
test-02402,getting_virtual_card
test-02412,getting_virtual_card
test-02421,getting_virtual_card
test-02427,getting_virtual_card
test-02428,getting_virtual_card
test-02450,top_up_reverted
test-02459,top_up_by_bank_transfer_charge
test-02493,top_up_by_card_charge
test-02495,passcode_forgotten
test-02497,edit_personal_details
test-02513,compromised_card
test-02568,wrong_amount_of_cash_received
test-02576,wrong_amount_of_cash_received
test-02577,wrong_amount_of_cash_received
test-02581,wrong_amount_of_cash_received
test-02583,wrong_amount_of_cash_received
test-02589,wrong_amount_of_cash_received
test-02591,wrong_amount_of_cash_received
test-02638,get_physical_card
test-02649,top_up_reverted
test-02668,top_up_reverted
test-02687,balance_not_updated_after_cheque_or_cash_deposit
test-02688,top_up_limits
test-02690,balance_not_updated_after_cheque_or_cash_deposit
test-02709,verify_my_identity
test-02720,cash_withdrawal_charge
test-02733,cash_withdrawal_charge
test-02752,cash_withdrawal_charge
test-02756,cash_withdrawal_charge
test-02757,cash_withdrawal_charge
test-02767,exchange_via_app
test-02781,exchange_via_app
test-02782,exchange_via_app
test-02811,top_up_by_bank_transfer_charge
test-02814,transaction_charged_twice
test-02816,top_up_reverted
test-02817,declined_card_payment
test-02818,top_up_failed
test-02865,card_acceptance
test-02884,transfer_fee_charged
test-02891,cash_withdrawal_not_recognised
test-02903,cash_withdrawal_not_recognised
test-02905,cash_withdrawal_not_recognised
test-02919,cash_withdrawal_not_recognised
test-02920,card_payment_not_recognised
test-02933,card_not_working
test-02950,card_delivery_estimate
test-02953,card_payment_fee_charged
test-02960,declined_transfer
test-02975,pending_cash_withdrawal
test-02983,pending_top_up
test-02993,virtual_card_not_working
test-03008,verify_top_up
test-03012,verify_top_up
test-03016,verify_top_up
test-03047,get_disposable_virtual_card
test-03060,top_up_by_cash_or_cheque
train-00009,card_delivery_estimate
train-00027,card_linking
train-00036,declined_cash_withdrawal
train-00055,compromised_card
train-00069,visa_or_mastercard
train-00070,disposable_card_limits
train-00071,pending_cash_withdrawal
train-00081,card_swallowed
train-00118,card_linking
train-00122,card_linking
train-00129,card_payment_not_recognised
train-00137,card_delivery_estimate
train-00140,disposable_card_limits
train-00150,card_linking
train-00159,balance_not_updated_after_bank_transfer
train-00166,top_up_by_cash_or_cheque
train-00182,card_delivery_estimate
train-00183,card_payment_not_recognised
train-00186,card_not_working
train-00196,card_delivery_estimate
train-00198,card_about_to_expire
train-00202,failed_transfer
train-00217,card_payment_wrong_exchange_rate
train-00225,card_payment_wrong_exchange_rate
train-00228,getting_spare_card
train-00232,card_arrival
train-00235,balance_not_updated_after_cheque_or_cash_deposit
train-00244,lost_or_stolen_card
train-00263,card_swallowed
train-00265,card_acceptance
train-00332,exchange_via_app
train-00334,exchange_charge
train-00347,exchange_via_app
train-00351,failed_transfer
train-00362,automatic_top_up
train-00376,exchange_via_app
train-00379,exchange_via_app
train-00386,exchange_via_app
train-00439,card_about_to_expire
train-00442,card_swallowed
train-00450,card_acceptance
train-00496,card_about_to_expire
train-00501,verify_my_identity
train-00525,card_arrival
train-00565,lost_or_stolen_card
train-00569,transfer_fee_charged
train-00605,declined_cash_withdrawal
train-00607,verify_source_of_funds
train-00621,pending_cash_withdrawal
train-00672,unable_to_verify_identity
train-00674,lost_or_stolen_phone
train-00678,change_pin
train-00699,lost_or_stolen_card
train-00702,contactless_not_working
train-00737,pending_transfer
train-00743,pending_transfer
train-00744,pending_top_up
train-00746,pending_card_payment
train-00759,reverted_card_payment?
train-00760,top_up_by_bank_transfer_charge
train-00769,pending_top_up
train-00802,pending_card_payment
train-00807,pending_transfer
train-00809,pending_card_payment
train-00826,declined_transfer
train-00839,pending_card_payment
train-00841,pending_card_payment
train-00847,pending_top_up
train-00852,pending_card_payment
train-00867,edit_personal_details
train-00879,pending_transfer
train-00904,apple_pay_or_google_pay
train-00913,apple_pay_or_google_pay
train-00949,exchange_charge
train-00975,contactless_not_working
train-00993,virtual_card_not_working
train-00994,wrong_exchange_rate_for_cash_withdrawal
train-00999,why_verify_identity
train-01010,card_linking
train-01056,card_arrival
train-01063,card_acceptance
train-01069,balance_not_updated_after_bank_transfer
train-01101,verify_top_up
train-01108,card_about_to_expire
train-01148,terminate_account
train-01222,pending_cash_withdrawal
train-01236,transfer_fee_charged
train-01241,get_disposable_virtual_card
train-01245,card_acceptance
train-01248,card_acceptance
train-01255,card_acceptance
train-01259,card_arrival
train-01260,card_payment_not_recognised
train-01281,card_delivery_estimate
train-01290,contactless_not_working
train-01294,country_support
train-01300,card_acceptance
train-01311,card_linking
train-01312,activate_my_card
train-01323,card_linking
train-01333,card_swallowed
train-01342,card_arrival
train-01349,pending_card_payment
train-01352,failed_transfer
train-01360,exchange_charge
train-01364,exchange_rate
train-01374,country_support
train-01377,exchange_charge
train-01380,exchange_charge
train-01395,exchange_rate
train-01397,card_arrival
train-01400,exchange_charge
train-01409,exchange_rate
train-01418,exchange_rate
train-01435,exchange_charge
train-01438,exchange_rate
train-01444,exchange_charge
train-01459,exchange_charge
train-01470,supported_cards_and_currencies
train-01494,receiving_money
train-01508,lost_or_stolen_phone
train-01509,lost_or_stolen_phone
train-01528,disposable_card_limits
train-01536,lost_or_stolen_phone
train-01540,lost_or_stolen_phone
train-01543,lost_or_stolen_phone
train-01549,lost_or_stolen_phone
train-01560,transfer_not_received_by_recipient
train-01599,apple_pay_or_google_pay
train-01647,unable_to_verify_identity
train-01660,declined_card_payment
train-01667,cancel_transfer
train-01700,card_about_to_expire
train-01710,automatic_top_up
train-01744,card_acceptance
train-01752,pending_cash_withdrawal
train-01765,verify_my_identity
train-01813,verify_source_of_funds
train-01814,top_up_reverted
train-01823,card_payment_wrong_exchange_rate
train-01824,top_up_by_cash_or_cheque
train-01833,wrong_exchange_rate_for_cash_withdrawal
train-01865,cash_withdrawal_not_recognised
train-01875,top_up_reverted
train-01876,declined_cash_withdrawal
train-01882,top_up_by_cash_or_cheque
train-01887,top_up_reverted
train-01912,top_up_reverted
train-01922,top_up_reverted
train-01936,why_verify_identity
train-01939,pending_cash_withdrawal
train-01949,transfer_fee_charged
train-01968,pending_transfer
train-02003,pending_card_payment
train-02053,reverted_card_payment?
train-02066,automatic_top_up
train-02086,unable_to_verify_identity
train-02132,get_disposable_virtual_card
train-02165,exchange_rate
train-02169,unable_to_verify_identity
train-02222,exchange_rate
train-02225,transfer_into_account
train-02228,lost_or_stolen_phone
train-02229,card_delivery_estimate
train-02252,top_up_by_cash_or_cheque
train-02255,edit_personal_details
train-02267,top_up_by_cash_or_cheque
train-02279,top_up_by_cash_or_cheque
train-02281,top_up_by_cash_or_cheque
train-02293,contactless_not_working
train-02302,receiving_money
train-02305,card_not_working
train-02308,balance_not_updated_after_cheque_or_cash_deposit
train-02310,top_up_by_bank_transfer_charge
train-02321,card_about_to_expire
train-02323,top_up_reverted
train-02325,card_payment_fee_charged
train-02326,top_up_reverted
train-02350,lost_or_stolen_phone
train-02364,wrong_exchange_rate_for_cash_withdrawal
train-02371,pending_card_payment
train-02372,wrong_exchange_rate_for_cash_withdrawal
train-02380,wrong_exchange_rate_for_cash_withdrawal
train-02392,wrong_exchange_rate_for_cash_withdrawal
train-02393,wrong_exchange_rate_for_cash_withdrawal
train-02406,wrong_exchange_rate_for_cash_withdrawal
train-02446,apple_pay_or_google_pay
train-02453,verify_my_identity
train-02454,wrong_exchange_rate_for_cash_withdrawal
train-02460,wrong_exchange_rate_for_cash_withdrawal
train-02497,fiat_currency_support
train-02518,card_delivery_estimate
train-02520,card_acceptance
train-02524,card_swallowed
train-02552,card_arrival
train-02560,card_payment_not_recognised
train-02563,card_payment_not_recognised
train-02567,declined_card_payment
train-02570,top_up_by_card_charge
train-02579,why_verify_identity
train-02581,card_delivery_estimate
train-02588,card_payment_not_recognised
train-02594,card_payment_wrong_exchange_rate
train-02597,card_delivery_estimate
train-02598,pending_cash_withdrawal
train-02608,card_payment_wrong_exchange_rate
train-02612,card_payment_not_recognised
train-02624,visa_or_mastercard
train-02647,automatic_top_up
train-02653,card_about_to_expire
train-02662,card_payment_not_recognised
train-02683,card_linking
train-02701,transfer_timing
train-02707,lost_or_stolen_phone
train-02709,transfer_timing
train-02723,transfer_fee_charged
train-02725,transfer_fee_charged
train-02734,reverted_card_payment?
train-02744,top_up_by_bank_transfer_charge
train-02756,transfer_fee_charged
train-02766,pin_blocked
train-02771,transfer_into_account
train-02772,transfer_fee_charged
train-02775,transfer_fee_charged
train-02787,age_limit
train-02799,transfer_fee_charged
train-02809,transfer_timing
train-02838,transfer_timing
train-02845,transfer_timing
train-02860,transfer_timing
train-02864,pending_top_up
train-02867,transfer_timing
train-02906,request_refund
train-03002,getting_spare_card
train-03010,supported_cards_and_currencies
train-03014,pending_card_payment
train-03017,wrong_exchange_rate_for_cash_withdrawal
train-03021,getting_spare_card
train-03022,getting_spare_card
train-03078,card_acceptance
train-03079,getting_spare_card
train-03083,getting_spare_card
train-03089,getting_spare_card
train-03100,pending_transfer
train-03111,card_not_working
train-03120,top_up_by_cash_or_cheque
train-03126,card_about_to_expire
train-03141,cancel_transfer
train-03147,card_payment_wrong_exchange_rate
train-03172,top_up_by_bank_transfer_charge
train-03180,extra_charge_on_statement
train-03205,top_up_by_cash_or_cheque
train-03243,top_up_by_card_charge
train-03249,top_up_by_cash_or_cheque
train-03256,unable_to_verify_identity
train-03263,wrong_exchange_rate_for_cash_withdrawal
train-03269,top_up_by_cash_or_cheque
train-03271,card_swallowed
train-03272,top_up_by_cash_or_cheque
train-03294,declined_card_payment
train-03304,balance_not_updated_after_bank_transfer
train-03305,cancel_transfer
train-03308,supported_cards_and_currencies
train-03328,compromised_card
train-03333,balance_not_updated_after_bank_transfer
train-03342,balance_not_updated_after_bank_transfer
train-03345,card_payment_fee_charged
train-03360,country_support
train-03362,balance_not_updated_after_bank_transfer
train-03363,balance_not_updated_after_bank_transfer
train-03373,balance_not_updated_after_bank_transfer
train-03374,direct_debit_payment_not_recognised
train-03385,balance_not_updated_after_bank_transfer
train-03389,verify_my_identity
train-03390,balance_not_updated_after_bank_transfer
train-03392,balance_not_updated_after_bank_transfer
train-03395,balance_not_updated_after_bank_transfer
train-03411,balance_not_updated_after_bank_transfer
train-03433,balance_not_updated_after_bank_transfer
train-03435,balance_not_updated_after_bank_transfer
train-03438,top_up_by_card_charge
train-03442,pin_blocked
train-03472,balance_not_updated_after_bank_transfer
train-03489,card_not_working
train-03500,card_delivery_estimate
train-03528,card_acceptance
train-03535,card_linking
train-03540,cash_withdrawal_not_recognised
train-03546,reverted_card_payment?
train-03556,card_swallowed
train-03575,transaction_charged_twice
train-03578,card_arrival
train-03591,transfer_not_received_by_recipient
train-03598,cash_withdrawal_not_recognised
train-03612,card_about_to_expire
train-03614,card_payment_wrong_exchange_rate
train-03619,automatic_top_up
train-03622,card_acceptance
train-03647,top_up_by_card_charge
train-03683,automatic_top_up
train-03705,card_acceptance
train-03745,balance_not_updated_after_bank_transfer
train-03825,lost_or_stolen_phone
train-03838,card_swallowed
train-03864,Refund_not_showing_up
train-03882,disposable_card_limits
train-03899,atm_support
train-03962,getting_virtual_card
train-03972,card_not_working
train-03998,contactless_not_working
train-04008,get_disposable_virtual_card
train-04010,get_disposable_virtual_card
train-04015,declined_transfer
train-04023,get_disposable_virtual_card
train-04026,get_disposable_virtual_card
train-04041,get_disposable_virtual_card
train-04056,get_disposable_virtual_card
train-04072,pending_transfer
train-04078,get_disposable_virtual_card
train-04087,get_disposable_virtual_card
train-04130,fiat_currency_support
train-04250,transfer_timing
train-04298,transaction_charged_twice
train-04329,declined_cash_withdrawal
train-04361,lost_or_stolen_card
train-04372,atm_support
train-04402,balance_not_updated_after_cheque_or_cash_deposit
train-04422,card_delivery_estimate
train-04494,change_pin
train-04531,cancel_transfer
train-04547,top_up_by_bank_transfer_charge
train-04558,top_up_failed
train-04561,order_physical_card
train-04577,top_up_by_cash_or_cheque
train-04596,verify_my_identity
train-04628,top_up_by_bank_transfer_charge
train-04633,disposable_card_limits
train-04639,pending_card_payment
train-04655,pending_top_up
train-04659,lost_or_stolen_phone
train-04664,transfer_into_account
train-04673,wrong_exchange_rate_for_cash_withdrawal
train-04683,pin_blocked
train-04691,why_verify_identity
train-04719,order_physical_card
train-04721,verify_source_of_funds
train-04745,pending_top_up
train-04785,exchange_via_app
train-04838,extra_charge_on_statement
train-04840,terminate_account
train-04845,lost_or_stolen_phone
train-04850,card_about_to_expire
train-04860,virtual_card_not_working
train-04862,beneficiary_not_allowed
train-04863,Refund_not_showing_up
train-04886,virtual_card_not_working
train-04919,pending_card_payment
train-04920,declined_card_payment
train-04938,declined_transfer
train-04957,declined_transfer
train-04969,declined_card_payment
train-04980,declined_card_payment
train-04982,unable_to_verify_identity
train-04983,declined_transfer
train-05001,declined_transfer
train-05002,declined_transfer
train-05005,declined_card_payment
train-05016,transfer_fee_charged
train-05019,top_up_by_bank_transfer_charge
train-05020,declined_transfer
train-05034,declined_card_payment
train-05037,declined_transfer
train-05046,declined_card_payment
train-05066,declined_transfer
train-05082,terminate_account
train-05092,pending_top_up
train-05094,get_physical_card
train-05095,card_payment_wrong_exchange_rate
train-05107,activate_my_card
train-05121,pending_transfer
train-05128,exchange_via_app
train-05139,pending_top_up
train-05151,passcode_forgotten
train-05155,pending_top_up
train-05163,apple_pay_or_google_pay
train-05176,pending_top_up
train-05193,pending_transfer
train-05203,pending_top_up
train-05228,pending_transfer
train-05242,pending_top_up
train-05243,pending_top_up
train-05262,lost_or_stolen_card
train-05281,card_arrival
train-05287,lost_or_stolen_card
train-05289,lost_or_stolen_card
train-05291,card_payment_not_recognised
train-05313,automatic_top_up
train-05343,lost_or_stolen_card
train-05364,lost_or_stolen_card
train-05383,fiat_currency_support
train-05393,verify_source_of_funds
train-05434,get_disposable_virtual_card
train-05439,top_up_by_bank_transfer_charge
train-05495,verify_top_up
train-05545,declined_cash_withdrawal
train-05553,card_about_to_expire
train-05577,declined_card_payment
train-05581,disposable_card_limits
train-05602,declined_card_payment
train-05625,declined_card_payment
train-05627,declined_cash_withdrawal
train-05645,declined_card_payment
train-05654,declined_card_payment
train-05657,declined_card_payment
train-05660,verify_my_identity
train-05682,card_payment_wrong_exchange_rate
train-05690,card_about_to_expire
train-05708,wrong_exchange_rate_for_cash_withdrawal
train-05722,card_about_to_expire
train-05744,activate_my_card
train-05849,declined_cash_withdrawal
train-05867,reverted_card_payment?
train-05868,pending_top_up
train-05870,declined_transfer
train-05891,declined_transfer
train-05898,card_payment_not_recognised
train-05907,contactless_not_working
train-05915,transfer_fee_charged
train-05929,wrong_amount_of_cash_received
train-05936,topping_up_by_card
train-05937,getting_spare_card
train-05944,request_refund
train-05946,balance_not_updated_after_cheque_or_cash_deposit
train-05957,declined_cash_withdrawal
train-05960,declined_cash_withdrawal
train-05967,reverted_card_payment?
train-05978,card_delivery_estimate
train-05988,declined_transfer
train-05994,declined_cash_withdrawal
train-06005,pending_card_payment
train-06014,pending_top_up
train-06019,getting_virtual_card
train-06026,card_about_to_expire
train-06092,pending_card_payment
train-06103,pending_top_up
train-06133,pending_card_payment
train-06139,transfer_into_account
train-06157,exchange_rate
train-06199,transfer_timing
train-06214,compromised_card
train-06225,lost_or_stolen_phone
train-06235,passcode_forgotten
train-06244,declined_transfer
train-06259,card_not_working
train-06268,card_delivery_estimate
train-06277,direct_debit_payment_not_recognised
train-06301,edit_personal_details
train-06330,apple_pay_or_google_pay
train-06358,receiving_money
train-06368,fiat_currency_support
train-06403,change_pin
train-06484,verify_my_identity
train-06493,transfer_not_received_by_recipient
train-06499,verify_my_identity
train-06512,verify_my_identity
train-06528,request_refund
train-06538,verify_my_identity
train-06539,verify_my_identity
train-06542,verify_my_identity
train-06553,verify_top_up
train-06562,contactless_not_working
train-06576,passcode_forgotten
train-06578,verify_top_up
train-06584,verify_my_identity
train-06593,verify_my_identity
train-06609,transfer_into_account
train-06610,getting_spare_card
train-06611,automatic_top_up
train-06655,transfer_into_account
train-06692,transfer_not_received_by_recipient
train-06699,transfer_not_received_by_recipient
train-06709,transfer_into_account
train-06711,transfer_not_received_by_recipient
train-06768,lost_or_stolen_card
train-06831,request_refund
train-06843,age_limit
train-06866,getting_spare_card
train-06869,change_pin
train-06871,transfer_fee_charged
train-06904,get_physical_card
train-06930,get_physical_card
train-06974,verify_top_up
train-06984,age_limit
train-07000,card_swallowed
train-07007,declined_cash_withdrawal
train-07068,fiat_currency_support
train-07096,why_verify_identity
train-07100,card_not_working
train-07139,top_up_limits
train-07164,edit_personal_details
train-07168,transfer_into_account
train-07175,lost_or_stolen_card
train-07182,transfer_not_received_by_recipient
train-07187,transfer_into_account
train-07213,transfer_timing
train-07218,transfer_into_account
train-07226,transfer_timing
train-07227,transfer_into_account
train-07247,transfer_not_received_by_recipient
train-07256,transfer_not_received_by_recipient
train-07284,transfer_into_account
train-07293,transfer_not_received_by_recipient
train-07302,card_payment_wrong_exchange_rate
train-07304,transfer_timing
train-07321,verify_top_up
train-07349,failed_transfer
train-07361,card_payment_wrong_exchange_rate
train-07407,exchange_rate
train-07439,get_disposable_virtual_card
train-07464,transfer_timing
train-07478,cancel_transfer
train-07480,exchange_rate
train-07577,verify_top_up
train-07581,transfer_fee_charged
train-07593,transfer_timing
train-07600,request_refund
train-07610,card_acceptance
train-07613,exchange_rate
train-07615,transfer_fee_charged
train-07617,transfer_not_received_by_recipient
train-07620,transfer_fee_charged
train-07631,transfer_fee_charged
train-07639,transfer_not_received_by_recipient
train-07647,pending_top_up
train-07650,exchange_rate
train-07652,wrong_amount_of_cash_received
train-07665,why_verify_identity
train-07667,transfer_timing
train-07675,unable_to_verify_identity
train-07677,transfer_timing
train-07682,verify_source_of_funds
train-07685,verify_my_identity
train-07699,verify_my_identity
train-07722,transfer_fee_charged
train-07723,verify_my_identity
train-07728,verify_my_identity
train-07736,verify_my_identity
train-07754,verify_my_identity
train-07759,unable_to_verify_identity
train-07765,top_up_limits
train-07770,declined_cash_withdrawal
train-07783,verify_source_of_funds
train-07786,transfer_into_account
train-07808,apple_pay_or_google_pay
train-07809,top_up_by_bank_transfer_charge
train-07810,getting_virtual_card
train-07815,edit_personal_details
train-07817,getting_virtual_card
train-07819,getting_virtual_card
train-07820,card_delivery_estimate
train-07822,getting_virtual_card
train-07827,disposable_card_limits
train-07830,getting_virtual_card
train-07835,getting_virtual_card
train-07839,getting_virtual_card
train-07852,declined_card_payment
train-07854,getting_virtual_card
train-07856,compromised_card
train-07860,getting_virtual_card
train-07869,getting_virtual_card
train-07871,getting_virtual_card
train-07872,getting_virtual_card
train-07877,change_pin
train-07881,apple_pay_or_google_pay
train-07885,extra_charge_on_statement
train-07888,getting_virtual_card
train-07897,getting_virtual_card
train-07899,disposable_card_limits
train-07900,getting_virtual_card
train-07923,getting_virtual_card
train-07924,top_up_by_bank_transfer_charge
train-07935,top_up_by_bank_transfer_charge
train-07956,card_not_working
train-07980,cash_withdrawal_charge
train-07985,top_up_reverted
train-07997,top_up_by_card_charge
train-08012,disposable_card_limits
train-08024,transfer_not_received_by_recipient
train-08026,top_up_failed
train-08028,top_up_by_bank_transfer_charge
train-08041,top_up_limits
train-08045,pin_blocked
train-08052,top_up_failed
train-08109,disposable_card_limits
train-08173,age_limit
train-08180,transfer_timing
train-08182,card_not_working
train-08193,contactless_not_working
train-08207,transfer_fee_charged
train-08223,wrong_amount_of_cash_received
train-08232,wrong_amount_of_cash_received
train-08254,wrong_amount_of_cash_received
train-08256,wrong_amount_of_cash_received
train-08259,pending_top_up
train-08263,wrong_amount_of_cash_received
train-08266,wrong_amount_of_cash_received
train-08281,wrong_amount_of_cash_received
train-08296,compromised_card
train-08308,transfer_timing
train-08319,wrong_amount_of_cash_received
train-08320,wrong_amount_of_cash_received
train-08334,pending_cash_withdrawal
train-08351,age_limit
train-08355,wrong_amount_of_cash_received
train-08374,lost_or_stolen_phone
train-08376,cancel_transfer
train-08409,get_physical_card
train-08418,get_physical_card
train-08426,get_physical_card
train-08431,get_physical_card
train-08440,get_physical_card
train-08444,get_physical_card
train-08454,get_physical_card
train-08469,beneficiary_not_allowed
train-08479,fiat_currency_support
train-08490,top_up_limits
train-08497,exchange_via_app
train-08514,top_up_by_bank_transfer_charge
train-08518,disposable_card_limits
train-08535,balance_not_updated_after_bank_transfer
train-08541,top_up_limits
train-08546,top_up_by_card_charge
train-08551,top_up_reverted
train-08552,top_up_by_card_charge
train-08556,top_up_reverted
train-08558,top_up_reverted
train-08578,apple_pay_or_google_pay
train-08609,top_up_by_card_charge
train-08617,unable_to_verify_identity
train-08628,balance_not_updated_after_cheque_or_cash_deposit
train-08632,get_disposable_virtual_card
train-08640,balance_not_updated_after_cheque_or_cash_deposit
train-08647,balance_not_updated_after_cheque_or_cash_deposit
train-08649,card_payment_wrong_exchange_rate
train-08675,balance_not_updated_after_cheque_or_cash_deposit
train-08707,balance_not_updated_after_cheque_or_cash_deposit
train-08728,balance_not_updated_after_cheque_or_cash_deposit
train-08737,unable_to_verify_identity
train-08744,card_swallowed
train-08770,balance_not_updated_after_cheque_or_cash_deposit
train-08783,balance_not_updated_after_cheque_or_cash_deposit
train-08791,cash_withdrawal_charge
train-08797,fiat_currency_support
train-08853,cash_withdrawal_charge
train-08854,apple_pay_or_google_pay
train-08858,card_payment_wrong_exchange_rate
train-08865,card_payment_wrong_exchange_rate
train-08866,cash_withdrawal_charge
train-08868,cash_withdrawal_charge
train-08869,cash_withdrawal_charge
train-08895,transaction_charged_twice
train-08913,transfer_into_account
train-08919,automatic_top_up
train-08920,cash_withdrawal_charge
train-08926,cash_withdrawal_charge
train-08929,automatic_top_up
train-08930,card_delivery_estimate
train-08934,cash_withdrawal_charge
train-08955,verify_my_identity
train-08957,exchange_via_app
train-08958,exchange_rate
train-08972,exchange_rate
train-08978,supported_cards_and_currencies
train-08979,card_about_to_expire
train-08983,top_up_reverted
train-08984,exchange_via_app
train-09013,transaction_charged_twice
train-09017,card_not_working
train-09054,exchange_via_app
train-09056,card_swallowed
train-09057,card_about_to_expire
train-09065,card_payment_fee_charged
train-09084,card_not_working
train-09097,top_up_limits
train-09109,top_up_by_bank_transfer_charge
train-09119,top_up_failed
train-09128,exchange_rate
train-09134,automatic_top_up
train-09135,request_refund
train-09152,card_payment_fee_charged
train-09157,pending_top_up
train-09166,top_up_reverted
train-09167,top_up_reverted
train-09168,top_up_limits
train-09178,top_up_failed
train-09222,card_delivery_estimate
train-09250,getting_spare_card
train-09253,pending_transfer
train-09261,card_linking
train-09311,card_acceptance
train-09342,cash_withdrawal_not_recognised
train-09381,cash_withdrawal_not_recognised
train-09395,cash_withdrawal_not_recognised
train-09406,cash_withdrawal_not_recognised
train-09411,cash_withdrawal_not_recognised
train-09427,cash_withdrawal_not_recognised
train-09435,getting_virtual_card
train-09457,request_refund
train-09463,cash_withdrawal_not_recognised
train-09467,automatic_top_up
train-09480,activate_my_card
train-09490,cash_withdrawal_not_recognised
train-09491,cash_withdrawal_not_recognised
train-09502,cash_withdrawal_not_recognised
train-09504,top_up_by_card_charge
train-09540,card_payment_not_recognised
train-09541,cash_withdrawal_charge
train-09547,card_payment_fee_charged
train-09571,card_linking
train-09574,atm_support
train-09577,card_payment_wrong_exchange_rate
train-09580,disposable_card_limits
train-09643,card_swallowed
train-09645,unable_to_verify_identity
train-09671,transfer_into_account
train-09684,pending_cash_withdrawal
train-09691,extra_charge_on_statement
train-09694,automatic_top_up
train-09703,atm_support
train-09706,cash_withdrawal_charge
train-09722,supported_cards_and_currencies
train-09759,unable_to_verify_identity
train-09781,verify_source_of_funds
train-09790,card_arrival
train-09791,verify_source_of_funds
train-09792,verify_source_of_funds
train-09808,getting_virtual_card
train-09811,verify_source_of_funds
train-09837,verify_source_of_funds
train-09845,verify_source_of_funds
train-09855,direct_debit_payment_not_recognised
train-09856,verify_top_up
train-09864,verify_source_of_funds
train-09889,verify_top_up
train-09898,activate_my_card
train-09955,exchange_charge
