comment_sha256,rating
0c64af8cb9f8f97201a5d6ac112ef4e59bbc1be0f808066747c1b8ff9f7d0626,2.0
0c64af8cb9f8f97201a5d6ac112ef4e59bbc1be0f808066747c1b8ff9f7d0626,4.1
3a3935ff0ca256ac70ac8e7f0db25a522585feba40e875f4781becf405b8b92a,4.0
3a3935ff0ca256ac70ac8e7f0db25a522585feba40e875f4781becf405b8b92a,4.3
3a3935ff0ca256ac70ac8e7f0db25a522585feba40e875f4781becf405b8b92a,4.4
3c884d901c5ba73d69b46568b3db47c37ff948c7ca3316d558c8241790086ac0,1.3
3c884d901c5ba73d69b46568b3db47c37ff948c7ca3316d558c8241790086ac0,4.2
4817c772cfcd39299bdc95444b6ebb59a545a3c21c2a8ad2812fd837ddf0c1f7,1.1
4817c772cfcd39299bdc95444b6ebb59a545a3c21c2a8ad2812fd837ddf0c1f7,1.8
4817c772cfcd39299bdc95444b6ebb59a545a3c21c2a8ad2812fd837ddf0c1f7,2.0
539313d7c6436fd2aac86b3999a1253a7c01e4909565032e6ea0d86b47002032,1.0
539313d7c6436fd2aac86b3999a1253a7c01e4909565032e6ea0d86b47002032,1.6
539313d7c6436fd2aac86b3999a1253a7c01e4909565032e6ea0d86b47002032,1.9
601566e5a7284305d269c36114806c0769f734dc30f6ab2d990ad2359f08faf2,1.0
601566e5a7284305d269c36114806c0769f734dc30f6ab2d990ad2359f08faf2,1.1
601566e5a7284305d269c36114806c0769f734dc30f6ab2d990ad2359f08faf2,1.3
6949569e58a0b310ca860c781ad8e6f78746c2b94b4fa0e9d10e1293ded64e4a,1.0
6949569e58a0b310ca860c781ad8e6f78746c2b94b4fa0e9d10e1293ded64e4a,1.3
6949569e58a0b310ca860c781ad8e6f78746c2b94b4fa0e9d10e1293ded64e4a,1.8
726cdd5af1d0b51ec0a57f10c14556eeec1bbd882ded3eb90962cbd588837d12,1.3
726cdd5af1d0b51ec0a57f10c14556eeec1bbd882ded3eb90962cbd588837d12,1.8
726cdd5af1d0b51ec0a57f10c14556eeec1bbd882ded3eb90962cbd588837d12,2.0
a247be65b90132c5ea960d07e662afd95ee8e8d859db967a92fc2e6fc756ae40,1.6
a247be65b90132c5ea960d07e662afd95ee8e8d859db967a92fc2e6fc756ae40,4.3
a3545f07bdd29b5ad69fb4eac70dee9f87ba145d2fbe475bc0c2cecb1d252011,4.4
a3545f07bdd29b5ad69fb4eac70dee9f87ba145d2fbe475bc0c2cecb1d252011,4.7
a3545f07bdd29b5ad69fb4eac70dee9f87ba145d2fbe475bc0c2cecb1d252011,4.9
ad38769bd1848a8e90616b2b130b0e94bbe7e2c872adbc91e7f2d47ff5a83e5c,4.0
ad38769bd1848a8e90616b2b130b0e94bbe7e2c872adbc91e7f2d47ff5a83e5c,4.2
ad38769bd1848a8e90616b2b130b0e94bbe7e2c872adbc91e7f2d47ff5a83e5c,4.6
b4cdb7c71864b7c99e3cdf91ee61564d922138840165318b897f7d14a8bcfa54,1.5
b4cdb7c71864b7c99e3cdf91ee61564d922138840165318b897f7d14a8bcfa54,4.4
b6b3d93381d327d304f5d852d8c0c884e39cb6e9787686a6bcee832b0e336774,4.2
b6b3d93381d327d304f5d852d8c0c884e39cb6e9787686a6bcee832b0e336774,4.3
b6b3d93381d327d304f5d852d8c0c884e39cb6e9787686a6bcee832b0e336774,4.5
bea476105a5123f424f38b462dd2768eb96d40e2facf36e57b0753ed2d883265,4.1
bea476105a5123f424f38b462dd2768eb96d40e2facf36e57b0753ed2d883265,4.6
bea476105a5123f424f38b462dd2768eb96d40e2facf36e57b0753ed2d883265,5.0
d293d5e33ac2f20fd0e13f04fe5ba787081a5a2d683dbee7a27cba6a0d85d430,1.1
d293d5e33ac2f20fd0e13f04fe5ba787081a5a2d683dbee7a27cba6a0d85d430,4.5
